Teaching position,Appellation,Last name,Title,First name,Street and House No,Postal code,City,Email,Phone number,First recognised subject,Second recognised subject,Third recognised subject,First subject to be studied,Second subject to be studied,Comments,School,bbVD-start,Start of contract,Kick-Off,First-Steps,Set-Up,Studies,Start school year,Year group,KickOff group
Lehramt an Grundschulen,Herr,LastName 783,Mrs.,FirstName 696,Street 8,380000,City 1,firstname 696.lastname 783@yahoo.com,2369403010,Biologie,Biologie,Biologie,Deutsch,Deutsch,Comments 1,01A04,19-11-2023,19-11-2023,TRUE,FALSE,FALSE,FALSE,2,1,1
Lehramt an ISS/Gymnasien,Frau,LastName 129,Dr.,FirstName 493,Street 37,382418,City 4,firstname 493.lastname 129@outlook.com,9967747556,Chemie,Chemie,Chemie,Englisch,Englisch,Comments 2,01B01,19-11-2023,19-11-2023,FALSE,FALSE,FALSE,TRUE,2,2,2
Lehramt an Beruflichen Schulen,diverse,LastName 898,Dr.,FirstName 743,Street 13,380000,City 7,firstname 743.lastname 898@yahoo.com,5671053884,Deutsch,Deutsch,Deutsch,Gesellschaftswissenschaften,Gesellschaftswissenschaften,Comments 3,01B02,19-11-2023,19-11-2023,TRUE,TRUE,FALSE,FALSE,2,3,3
Lehramt an Grundschulen,keine Angabe,LastName 399,Mrs.,FirstName 560,Street 35,380000,City 4,firstname 560.lastname 399@yahoo.com,3279879547,Englisch,Englisch,Englisch,Mathematik,Mathematik,Comments 4,01B03,19-11-2023,19-11-2023,FALSE,FALSE,FALSE,TRUE,1,4,4
Lehramt an ISS/Gymnasien,Herr,LastName 634,Prof.,FirstName 907,Street 16,382418,City 10,firstname 907.lastname 634@outlook.com,8477047291,Ethik,Ethik,Ethik,Informatik,Informatik,Comments 5,01B04,19-11-2023,19-11-2023,FALSE,TRUE,FALSE,TRUE,2,1,1
Lehramt an Beruflichen Schulen,Frau,LastName 401,Mr.,FirstName 725,Street 33,382418,City 10,firstname 725.lastname 401@outlook.com,2086331930,Biologie,Biologie,Biologie,Naturwissenschaften,Naturwissenschaften,Comments 6,01B05,19-11-2023,19-11-2023,TRUE,FALSE,TRUE,FALSE,2,2,2
Lehramt an Grundschulen,diverse,LastName 109,Prof.,FirstName 905,Street 7,380000,City 9,firstname 905.lastname 109@outlook.com,3357920467,Chemie,Chemie,Chemie,Physik,Physik,Comments 7,01G01,19-11-2023,19-11-2023,FALSE,TRUE,TRUE,TRUE,2,3,3
Lehramt an ISS/Gymnasien,keine Angabe,LastName 663,Ms.,FirstName 912,Street 44,380000,City 5,firstname 912.lastname 663@yahoo.com,8913876314,Deutsch,Deutsch,Deutsch,Sonderpädagogik,Sonderpädagogik,Comments 8,01G02,19-11-2023,19-11-2023,FALSE,FALSE,FALSE,TRUE,2,4,4
Lehramt an Beruflichen Schulen,Herr,LastName 278,Ms.,FirstName 897,Street 23,380000,City 6,firstname 897.lastname 278@gmail.com,3883945914,Englisch,Englisch,Englisch,Wirtschaft-Arbeit-Technik,Wirtschaft-Arbeit-Technik,Comments 9,01G04,19-11-2023,19-11-2023,TRUE,TRUE,FALSE,FALSE,1,1,1
Lehramt an Grundschulen,Frau,LastName 99,Mrs.,FirstName 87,Street 9,380000,City 10,firstname 87.lastname 99@outlook.com,133633533,Ethik,Ethik,Ethik,Deutsch,Deutsch,Comments 10,01A04,19-11-2023,19-11-2023,FALSE,FALSE,FALSE,TRUE,1,2,2
Lehramt an ISS/Gymnasien,diverse,LastName 341,Prof.,FirstName 828,Street 50,380000,City 9,firstname 828.lastname 341@yahoo.com,833496829,Biologie,Biologie,Biologie,Englisch,Englisch,Comments 11,01B01,19-11-2023,19-11-2023,FALSE,TRUE,FALSE,TRUE,1,3,3
Lehramt an Beruflichen Schulen,keine Angabe,LastName 216,Ms.,FirstName 226,Street 15,380000,City 8,firstname 226.lastname 216@yahoo.com,7886834337,Chemie,Chemie,Chemie,Gesellschaftswissenschaften,Gesellschaftswissenschaften,Comments 12,01B02,19-11-2023,19-11-2023,TRUE,FALSE,TRUE,FALSE,2,4,4
Lehramt an Grundschulen,Herr,LastName 712,Prof.,FirstName 396,Street 26,380000,City 7,firstname 396.lastname 712@outlook.com,585186997,Deutsch,Deutsch,Deutsch,Mathematik,Mathematik,Comments 13,01B03,19-11-2023,19-11-2023,FALSE,TRUE,TRUE,TRUE,2,1,1
Lehramt an ISS/Gymnasien,Frau,LastName 344,Dr.,FirstName 374,Street 15,380000,City 4,firstname 374.lastname 344@yahoo.com,6924928861,Englisch,Englisch,Englisch,Informatik,Informatik,Comments 14,01B04,19-11-2023,19-11-2023,FALSE,FALSE,FALSE,TRUE,1,2,2
Lehramt an Beruflichen Schulen,diverse,LastName 889,Mrs.,FirstName 313,Street 8,382418,City 8,firstname 313.lastname 889@yahoo.com,6636084344,Ethik,Ethik,Ethik,Naturwissenschaften,Naturwissenschaften,Comments 15,01B05,19-11-2023,19-11-2023,TRUE,TRUE,FALSE,FALSE,1,3,3
Lehramt an Grundschulen,keine Angabe,LastName 809,Mr.,FirstName 182,Street 15,382418,City 2,firstname 182.lastname 809@outlook.com,3052836869,Biologie,Biologie,Biologie,Physik,Physik,Comments 16,01G01,19-11-2023,19-11-2023,FALSE,FALSE,FALSE,TRUE,2,4,4
Lehramt an ISS/Gymnasien,Herr,LastName 850,Mrs.,FirstName 656,Street 7,380000,City 9,firstname 656.lastname 850@gmail.com,3300462809,Chemie,Chemie,Chemie,Sonderpädagogik,Sonderpädagogik,Comments 17,01G02,19-11-2023,19-11-2023,FALSE,TRUE,FALSE,TRUE,2,1,1
Lehramt an Beruflichen Schulen,Frau,LastName 400,Prof.,FirstName 168,Street 21,382418,City 3,firstname 168.lastname 400@yahoo.com,9860442875,Deutsch,Deutsch,Deutsch,Wirtschaft-Arbeit-Technik,Wirtschaft-Arbeit-Technik,Comments 18,01G04,19-11-2023,19-11-2023,TRUE,FALSE,TRUE,FALSE,1,2,2
Lehramt an Grundschulen,diverse,LastName 765,Ms.,FirstName 809,Street 50,380000,City 10,firstname 809.lastname 765@yahoo.com,7016030587,Englisch,Englisch,Englisch,Deutsch,Deutsch,Comments 19,01A04,19-11-2023,19-11-2023,FALSE,TRUE,TRUE,TRUE,2,3,3
Lehramt an ISS/Gymnasien,keine Angabe,LastName 837,Ms.,FirstName 533,Street 47,380000,City 2,firstname 533.lastname 837@yahoo.com,7188093819,Ethik,Ethik,Ethik,Englisch,Englisch,Comments 20,01B01,19-11-2023,19-11-2023,FALSE,FALSE,FALSE,TRUE,1,4,4
Lehramt an Beruflichen Schulen,Herr,LastName 623,Ms.,FirstName 241,Street 22,382418,City 5,firstname 241.lastname 623@yahoo.com,3247971488,Biologie,Biologie,Biologie,Gesellschaftswissenschaften,Gesellschaftswissenschaften,Comments 21,01B02,19-11-2023,19-11-2023,TRUE,TRUE,FALSE,FALSE,2,1,1
Lehramt an Grundschulen,Frau,LastName 76,Prof.,FirstName 633,Street 23,382418,City 7,firstname 633.lastname 76@outlook.com,800403890,Chemie,Chemie,Chemie,Mathematik,Mathematik,Comments 22,01B03,19-11-2023,19-11-2023,FALSE,FALSE,FALSE,TRUE,2,2,2
Lehramt an ISS/Gymnasien,diverse,LastName 898,Ms.,FirstName 372,Street 25,382418,City 9,firstname 372.lastname 898@gmail.com,1456635948,Deutsch,Deutsch,Deutsch,Informatik,Informatik,Comments 23,01B04,19-11-2023,19-11-2023,FALSE,TRUE,FALSE,TRUE,1,3,3
Lehramt an Beruflichen Schulen,keine Angabe,LastName 298,Dr.,FirstName 507,Street 28,380000,City 3,firstname 507.lastname 298@yahoo.com,5652835480,Englisch,Englisch,Englisch,Naturwissenschaften,Naturwissenschaften,Comments 24,01B05,19-11-2023,19-11-2023,TRUE,FALSE,TRUE,FALSE,1,4,4
Lehramt an Grundschulen,Herr,LastName 187,Mr.,FirstName 86,Street 6,382418,City 9,firstname 86.lastname 187@outlook.com,2061614591,Ethik,Ethik,Ethik,Physik,Physik,Comments 25,01G01,19-11-2023,19-11-2023,FALSE,TRUE,TRUE,TRUE,2,1,1
Lehramt an ISS/Gymnasien,Frau,LastName 69,Ms.,FirstName 68,Street 8,380000,City 4,firstname 68.lastname 69@outlook.com,7069296885,Biologie,Biologie,Biologie,Sonderpädagogik,Sonderpädagogik,Comments 26,01G02,19-11-2023,19-11-2023,FALSE,FALSE,FALSE,TRUE,2,2,2
Lehramt an Beruflichen Schulen,diverse,LastName 598,Ms.,FirstName 219,Street 45,382418,City 9,firstname 219.lastname 598@outlook.com,5608184561,Chemie,Chemie,Chemie,Wirtschaft-Arbeit-Technik,Wirtschaft-Arbeit-Technik,Comments 27,01G04,19-11-2023,19-11-2023,TRUE,TRUE,FALSE,FALSE,1,3,3
Lehramt an Grundschulen,keine Angabe,LastName 982,Mr.,FirstName 443,Street 39,380000,City 5,firstname 443.lastname 982@outlook.com,7850134701,Deutsch,Deutsch,Deutsch,Deutsch,Deutsch,Comments 28,01A04,19-11-2023,19-11-2023,FALSE,FALSE,FALSE,TRUE,2,4,4
Lehramt an ISS/Gymnasien,Herr,LastName 213,Mr.,FirstName 713,Street 39,382418,City 10,firstname 713.lastname 213@yahoo.com,6922443842,Englisch,Englisch,Englisch,Englisch,Englisch,Comments 29,01B01,19-11-2023,19-11-2023,FALSE,TRUE,FALSE,TRUE,1,1,1
Lehramt an Beruflichen Schulen,Frau,LastName 630,Prof.,FirstName 368,Street 17,382418,City 5,firstname 368.lastname 630@gmail.com,384542718,Ethik,Ethik,Ethik,Gesellschaftswissenschaften,Gesellschaftswissenschaften,Comments 30,01B02,19-11-2023,19-11-2023,TRUE,FALSE,TRUE,FALSE,1,2,2
Lehramt an Grundschulen,diverse,LastName 45,Dr.,FirstName 940,Street 8,380000,City 6,firstname 940.lastname 45@outlook.com,5180536845,Biologie,Biologie,Biologie,Mathematik,Mathematik,Comments 31,01B03,19-11-2023,19-11-2023,FALSE,TRUE,TRUE,TRUE,1,3,3
Lehramt an ISS/Gymnasien,keine Angabe,LastName 81,Prof.,FirstName 53,Street 41,380000,City 9,firstname 53.lastname 81@outlook.com,6250194503,Chemie,Chemie,Chemie,Informatik,Informatik,Comments 32,01B04,19-11-2023,19-11-2023,FALSE,FALSE,FALSE,TRUE,1,4,4
Lehramt an Beruflichen Schulen,Herr,LastName 744,Mrs.,FirstName 458,Street 46,380000,City 2,firstname 458.lastname 744@outlook.com,5456969284,Deutsch,Deutsch,Deutsch,Naturwissenschaften,Naturwissenschaften,Comments 33,01B05,19-11-2023,19-11-2023,TRUE,TRUE,FALSE,FALSE,1,1,1
Lehramt an Grundschulen,Frau,LastName 931,Dr.,FirstName 528,Street 5,382418,City 6,firstname 528.lastname 931@outlook.com,811657799,Englisch,Englisch,Englisch,Physik,Physik,Comments 34,01G01,19-11-2023,19-11-2023,FALSE,FALSE,FALSE,TRUE,1,2,2
Lehramt an ISS/Gymnasien,diverse,LastName 100,Ms.,FirstName 880,Street 30,382418,City 5,firstname 880.lastname 100@outlook.com,5793548350,Ethik,Ethik,Ethik,Sonderpädagogik,Sonderpädagogik,Comments 35,01G02,19-11-2023,19-11-2023,FALSE,TRUE,FALSE,TRUE,2,3,3
Lehramt an Beruflichen Schulen,keine Angabe,LastName 429,Mrs.,FirstName 767,Street 29,382418,City 2,firstname 767.lastname 429@outlook.com,196863629,Biologie,Biologie,Biologie,Wirtschaft-Arbeit-Technik,Wirtschaft-Arbeit-Technik,Comments 36,01G04,19-11-2023,19-11-2023,TRUE,FALSE,TRUE,FALSE,2,4,4
Lehramt an Grundschulen,Herr,LastName 54,Mrs.,FirstName 186,Street 38,380000,City 10,firstname 186.lastname 54@outlook.com,3506769355,Chemie,Chemie,Chemie,Deutsch,Deutsch,Comments 37,01A04,19-11-2023,19-11-2023,FALSE,TRUE,TRUE,TRUE,1,1,1
Lehramt an ISS/Gymnasien,Frau,LastName 268,Prof.,FirstName 889,Street 33,382418,City 6,firstname 889.lastname 268@yahoo.com,416090821,Deutsch,Deutsch,Deutsch,Englisch,Englisch,Comments 38,01B01,19-11-2023,19-11-2023,FALSE,FALSE,FALSE,TRUE,1,2,2
Lehramt an Beruflichen Schulen,diverse,LastName 972,Dr.,FirstName 468,Street 7,382418,City 1,firstname 468.lastname 972@yahoo.com,3187642424,Englisch,Englisch,Englisch,Gesellschaftswissenschaften,Gesellschaftswissenschaften,Comments 39,01B02,19-11-2023,19-11-2023,TRUE,TRUE,FALSE,FALSE,1,3,3
Lehramt an Grundschulen,keine Angabe,LastName 122,Ms.,FirstName 213,Street 40,380000,City 7,firstname 213.lastname 122@yahoo.com,7240678050,Ethik,Ethik,Ethik,Mathematik,Mathematik,Comments 40,01B03,19-11-2023,19-11-2023,FALSE,FALSE,FALSE,TRUE,1,4,4
Lehramt an ISS/Gymnasien,Herr,LastName 541,Mr.,FirstName 237,Street 29,382418,City 1,firstname 237.lastname 541@yahoo.com,3769252446,Biologie,Biologie,Biologie,Informatik,Informatik,Comments 41,01B04,19-11-2023,19-11-2023,FALSE,TRUE,FALSE,TRUE,1,1,1
Lehramt an Beruflichen Schulen,Frau,LastName 307,Prof.,FirstName 998,Street 5,382418,City 8,firstname 998.lastname 307@gmail.com,7041433003,Chemie,Chemie,Chemie,Naturwissenschaften,Naturwissenschaften,Comments 42,01B05,19-11-2023,19-11-2023,TRUE,FALSE,TRUE,FALSE,1,2,2
Lehramt an Grundschulen,diverse,LastName 364,Mrs.,FirstName 904,Street 31,382418,City 3,firstname 904.lastname 364@yahoo.com,5494583781,Deutsch,Deutsch,Deutsch,Physik,Physik,Comments 43,01G01,19-11-2023,19-11-2023,FALSE,TRUE,TRUE,TRUE,2,3,3
Lehramt an ISS/Gymnasien,keine Angabe,LastName 708,Mr.,FirstName 768,Street 31,382418,City 5,firstname 768.lastname 708@gmail.com,6264191528,Englisch,Englisch,Englisch,Sonderpädagogik,Sonderpädagogik,Comments 44,01G02,19-11-2023,19-11-2023,FALSE,FALSE,FALSE,TRUE,2,4,4
Lehramt an Beruflichen Schulen,Herr,LastName 570,Mrs.,FirstName 389,Street 27,380000,City 5,firstname 389.lastname 570@outlook.com,7783681601,Ethik,Ethik,Ethik,Wirtschaft-Arbeit-Technik,Wirtschaft-Arbeit-Technik,Comments 45,01G04,19-11-2023,19-11-2023,TRUE,TRUE,FALSE,FALSE,2,1,1
Lehramt an Grundschulen,Frau,LastName 485,Prof.,FirstName 454,Street 6,382418,City 2,firstname 454.lastname 485@gmail.com,2508914129,Biologie,Biologie,Biologie,Deutsch,Deutsch,Comments 46,01A04,19-11-2023,19-11-2023,FALSE,FALSE,FALSE,TRUE,1,2,2
Lehramt an ISS/Gymnasien,diverse,LastName 214,Ms.,FirstName 209,Street 10,380000,City 7,firstname 209.lastname 214@gmail.com,9625876966,Chemie,Chemie,Chemie,Englisch,Englisch,Comments 47,01B01,19-11-2023,19-11-2023,FALSE,TRUE,FALSE,TRUE,1,3,3
Lehramt an Beruflichen Schulen,keine Angabe,LastName 143,Ms.,FirstName 894,Street 9,380000,City 3,firstname 894.lastname 143@outlook.com,4185598932,Deutsch,Deutsch,Deutsch,Gesellschaftswissenschaften,Gesellschaftswissenschaften,Comments 48,01B02,19-11-2023,19-11-2023,TRUE,FALSE,TRUE,FALSE,2,4,4
Lehramt an Grundschulen,Herr,LastName 395,Mrs.,FirstName 211,Street 17,380000,City 9,firstname 211.lastname 395@outlook.com,6101631770,Englisch,Englisch,Englisch,Mathematik,Mathematik,Comments 49,01B03,19-11-2023,19-11-2023,FALSE,TRUE,TRUE,TRUE,1,1,1
Lehramt an ISS/Gymnasien,Frau,LastName 433,Ms.,FirstName 899,Street 39,380000,City 2,firstname 899.lastname 433@yahoo.com,3131653190,Ethik,Ethik,Ethik,Informatik,Informatik,Comments 50,01B04,19-11-2023,19-11-2023,FALSE,FALSE,FALSE,TRUE,2,2,2
Lehramt an Beruflichen Schulen,diverse,LastName 396,Dr.,FirstName 220,Street 36,382418,City 2,firstname 220.lastname 396@gmail.com,9053519016,Biologie,Biologie,Biologie,Naturwissenschaften,Naturwissenschaften,Comments 51,01B05,19-11-2023,19-11-2023,TRUE,TRUE,FALSE,FALSE,1,3,3
Lehramt an Grundschulen,keine Angabe,LastName 343,Prof.,FirstName 728,Street 39,382418,City 10,firstname 728.lastname 343@gmail.com,6472732184,Chemie,Chemie,Chemie,Physik,Physik,Comments 52,01G01,19-11-2023,19-11-2023,FALSE,FALSE,FALSE,TRUE,2,4,4
Lehramt an ISS/Gymnasien,Herr,LastName 673,Prof.,FirstName 796,Street 40,382418,City 4,firstname 796.lastname 673@gmail.com,9880554626,Deutsch,Deutsch,Deutsch,Sonderpädagogik,Sonderpädagogik,Comments 53,01G02,19-11-2023,19-11-2023,FALSE,TRUE,FALSE,TRUE,2,1,1
Lehramt an Beruflichen Schulen,Frau,LastName 118,Ms.,FirstName 273,Street 10,382418,City 7,firstname 273.lastname 118@gmail.com,4050391055,Englisch,Englisch,Englisch,Wirtschaft-Arbeit-Technik,Wirtschaft-Arbeit-Technik,Comments 54,01G04,19-11-2023,19-11-2023,TRUE,FALSE,TRUE,FALSE,2,2,2
Lehramt an Grundschulen,diverse,LastName 829,Ms.,FirstName 777,Street 31,382418,City 7,firstname 777.lastname 829@outlook.com,1774755500,Ethik,Ethik,Ethik,Deutsch,Deutsch,Comments 55,01A04,19-11-2023,19-11-2023,FALSE,TRUE,TRUE,TRUE,1,3,3
Lehramt an ISS/Gymnasien,keine Angabe,LastName 731,Dr.,FirstName 563,Street 45,382418,City 5,firstname 563.lastname 731@outlook.com,8008837751,Biologie,Biologie,Biologie,Englisch,Englisch,Comments 56,01B01,19-11-2023,19-11-2023,FALSE,FALSE,FALSE,TRUE,2,4,4
Lehramt an Beruflichen Schulen,Herr,LastName 918,Dr.,FirstName 275,Street 8,382418,City 8,firstname 275.lastname 918@yahoo.com,6160180176,Chemie,Chemie,Chemie,Gesellschaftswissenschaften,Gesellschaftswissenschaften,Comments 57,01B02,19-11-2023,19-11-2023,TRUE,TRUE,FALSE,FALSE,1,1,1
Lehramt an Grundschulen,Frau,LastName 147,Mr.,FirstName 662,Street 16,382418,City 2,firstname 662.lastname 147@yahoo.com,3990185612,Deutsch,Deutsch,Deutsch,Mathematik,Mathematik,Comments 58,01B03,19-11-2023,19-11-2023,FALSE,FALSE,FALSE,TRUE,1,2,2
Lehramt an ISS/Gymnasien,diverse,LastName 938,Mr.,FirstName 834,Street 9,380000,City 2,firstname 834.lastname 938@yahoo.com,9939546310,Englisch,Englisch,Englisch,Informatik,Informatik,Comments 59,01B04,19-11-2023,19-11-2023,FALSE,TRUE,FALSE,TRUE,2,3,3
Lehramt an Beruflichen Schulen,keine Angabe,LastName 543,Mrs.,FirstName 50,Street 6,380000,City 1,firstname 50.lastname 543@gmail.com,2397363155,Ethik,Ethik,Ethik,Naturwissenschaften,Naturwissenschaften,Comments 60,01B05,19-11-2023,19-11-2023,TRUE,FALSE,TRUE,FALSE,2,4,4
Lehramt an Grundschulen,Herr,LastName 817,Dr.,FirstName 526,Street 3,382418,City 7,firstname 526.lastname 817@gmail.com,225996073,Biologie,Biologie,Biologie,Physik,Physik,Comments 61,01G01,19-11-2023,19-11-2023,FALSE,TRUE,TRUE,TRUE,1,1,1
Lehramt an ISS/Gymnasien,Frau,LastName 385,Dr.,FirstName 549,Street 5,382418,City 9,firstname 549.lastname 385@gmail.com,2100917021,Chemie,Chemie,Chemie,Sonderpädagogik,Sonderpädagogik,Comments 62,01G02,19-11-2023,19-11-2023,FALSE,FALSE,FALSE,TRUE,1,2,2
Lehramt an Beruflichen Schulen,diverse,LastName 47,Mr.,FirstName 235,Street 50,380000,City 9,firstname 235.lastname 47@gmail.com,6732648696,Deutsch,Deutsch,Deutsch,Wirtschaft-Arbeit-Technik,Wirtschaft-Arbeit-Technik,Comments 63,01G04,19-11-2023,19-11-2023,TRUE,TRUE,FALSE,FALSE,2,3,3
Lehramt an Grundschulen,keine Angabe,LastName 621,Ms.,FirstName 293,Street 11,380000,City 9,firstname 293.lastname 621@outlook.com,5906450721,Englisch,Englisch,Englisch,Deutsch,Deutsch,Comments 64,01A04,19-11-2023,19-11-2023,FALSE,FALSE,FALSE,TRUE,2,4,4
Lehramt an ISS/Gymnasien,Herr,LastName 362,Prof.,FirstName 21,Street 36,382418,City 8,firstname 21.lastname 362@gmail.com,2952925721,Ethik,Ethik,Ethik,Englisch,Englisch,Comments 65,01B01,19-11-2023,19-11-2023,FALSE,TRUE,FALSE,TRUE,1,1,1
Lehramt an Beruflichen Schulen,Frau,LastName 767,Mr.,FirstName 332,Street 35,380000,City 2,firstname 332.lastname 767@gmail.com,2793271226,Biologie,Biologie,Biologie,Gesellschaftswissenschaften,Gesellschaftswissenschaften,Comments 66,01B02,19-11-2023,19-11-2023,TRUE,FALSE,TRUE,FALSE,2,2,2
Lehramt an Grundschulen,diverse,LastName 426,Dr.,FirstName 903,Street 32,380000,City 9,firstname 903.lastname 426@gmail.com,2188185517,Chemie,Chemie,Chemie,Mathematik,Mathematik,Comments 67,01B03,19-11-2023,19-11-2023,FALSE,TRUE,TRUE,TRUE,1,3,3
Lehramt an ISS/Gymnasien,keine Angabe,LastName 443,Mr.,FirstName 266,Street 41,382418,City 2,firstname 266.lastname 443@yahoo.com,5926797795,Deutsch,Deutsch,Deutsch,Informatik,Informatik,Comments 68,01B04,19-11-2023,19-11-2023,FALSE,FALSE,FALSE,TRUE,2,4,4
Lehramt an Beruflichen Schulen,Herr,LastName 344,Mrs.,FirstName 29,Street 22,380000,City 4,firstname 29.lastname 344@gmail.com,8444789270,Englisch,Englisch,Englisch,Naturwissenschaften,Naturwissenschaften,Comments 69,01B05,19-11-2023,19-11-2023,TRUE,TRUE,FALSE,FALSE,2,1,1
Lehramt an Grundschulen,Frau,LastName 82,Prof.,FirstName 191,Street 29,382418,City 9,firstname 191.lastname 82@gmail.com,9617561171,Ethik,Ethik,Ethik,Physik,Physik,Comments 70,01G01,19-11-2023,19-11-2023,FALSE,FALSE,FALSE,TRUE,2,2,2
Lehramt an ISS/Gymnasien,diverse,LastName 483,Ms.,FirstName 655,Street 32,382418,City 10,firstname 655.lastname 483@outlook.com,3289918972,Biologie,Biologie,Biologie,Sonderpädagogik,Sonderpädagogik,Comments 71,01G02,19-11-2023,19-11-2023,FALSE,TRUE,FALSE,TRUE,2,3,3
Lehramt an Beruflichen Schulen,keine Angabe,LastName 683,Mr.,FirstName 376,Street 33,380000,City 3,firstname 376.lastname 683@gmail.com,6235613879,Chemie,Chemie,Chemie,Wirtschaft-Arbeit-Technik,Wirtschaft-Arbeit-Technik,Comments 72,01G04,19-11-2023,19-11-2023,TRUE,FALSE,TRUE,FALSE,1,4,4
Lehramt an Grundschulen,Herr,LastName 765,Mrs.,FirstName 852,Street 22,380000,City 4,firstname 852.lastname 765@yahoo.com,1434675285,Deutsch,Deutsch,Deutsch,Deutsch,Deutsch,Comments 73,01A04,19-11-2023,19-11-2023,FALSE,TRUE,TRUE,TRUE,2,1,1
Lehramt an ISS/Gymnasien,Frau,LastName 637,Dr.,FirstName 467,Street 37,382418,City 5,firstname 467.lastname 637@outlook.com,2685781931,Englisch,Englisch,Englisch,Englisch,Englisch,Comments 74,01B01,19-11-2023,19-11-2023,FALSE,FALSE,FALSE,TRUE,2,2,2
Lehramt an Beruflichen Schulen,diverse,LastName 863,Mrs.,FirstName 115,Street 37,380000,City 10,firstname 115.lastname 863@gmail.com,460042988,Ethik,Ethik,Ethik,Gesellschaftswissenschaften,Gesellschaftswissenschaften,Comments 75,01B02,19-11-2023,19-11-2023,TRUE,TRUE,FALSE,FALSE,1,3,3
Lehramt an Grundschulen,keine Angabe,LastName 599,Dr.,FirstName 83,Street 34,382418,City 2,firstname 83.lastname 599@gmail.com,9154958696,Biologie,Biologie,Biologie,Mathematik,Mathematik,Comments 76,01B03,19-11-2023,19-11-2023,FALSE,FALSE,FALSE,TRUE,2,4,4
Lehramt an ISS/Gymnasien,Herr,LastName 605,Prof.,FirstName 308,Street 45,382418,City 8,firstname 308.lastname 605@outlook.com,9575437440,Chemie,Chemie,Chemie,Informatik,Informatik,Comments 77,01B04,19-11-2023,19-11-2023,FALSE,TRUE,FALSE,TRUE,1,1,1
Lehramt an Beruflichen Schulen,Frau,LastName 237,Prof.,FirstName 873,Street 40,382418,City 2,firstname 873.lastname 237@yahoo.com,801288250,Deutsch,Deutsch,Deutsch,Naturwissenschaften,Naturwissenschaften,Comments 78,01B05,19-11-2023,19-11-2023,TRUE,FALSE,TRUE,FALSE,1,2,2
Lehramt an Grundschulen,diverse,LastName 703,Mr.,FirstName 388,Street 44,380000,City 4,firstname 388.lastname 703@gmail.com,9882381546,Englisch,Englisch,Englisch,Physik,Physik,Comments 79,01G01,19-11-2023,19-11-2023,FALSE,TRUE,TRUE,TRUE,2,3,3
Lehramt an ISS/Gymnasien,keine Angabe,LastName 484,Mr.,FirstName 937,Street 45,380000,City 3,firstname 937.lastname 484@outlook.com,6506386144,Ethik,Ethik,Ethik,Sonderpädagogik,Sonderpädagogik,Comments 80,01G02,19-11-2023,19-11-2023,FALSE,FALSE,FALSE,TRUE,2,4,4
Lehramt an Beruflichen Schulen,Herr,LastName 418,Ms.,FirstName 792,Street 24,380000,City 10,firstname 792.lastname 418@gmail.com,981872955,Biologie,Biologie,Biologie,Wirtschaft-Arbeit-Technik,Wirtschaft-Arbeit-Technik,Comments 81,01G04,19-11-2023,19-11-2023,TRUE,TRUE,FALSE,FALSE,1,1,1
Lehramt an Grundschulen,Frau,LastName 167,Dr.,FirstName 727,Street 43,380000,City 6,firstname 727.lastname 167@outlook.com,2263034533,Chemie,Chemie,Chemie,Deutsch,Deutsch,Comments 82,01A04,19-11-2023,19-11-2023,FALSE,FALSE,FALSE,TRUE,2,2,2
Lehramt an ISS/Gymnasien,diverse,LastName 993,Prof.,FirstName 482,Street 48,380000,City 6,firstname 482.lastname 993@gmail.com,3491874355,Deutsch,Deutsch,Deutsch,Englisch,Englisch,Comments 83,01B01,19-11-2023,19-11-2023,FALSE,TRUE,FALSE,TRUE,2,3,3
Lehramt an Beruflichen Schulen,keine Angabe,LastName 856,Prof.,FirstName 792,Street 49,380000,City 2,firstname 792.lastname 856@gmail.com,3186989345,Englisch,Englisch,Englisch,Gesellschaftswissenschaften,Gesellschaftswissenschaften,Comments 84,01B02,19-11-2023,19-11-2023,TRUE,FALSE,TRUE,FALSE,2,4,4
Lehramt an Grundschulen,Herr,LastName 850,Mrs.,FirstName 307,Street 15,380000,City 5,firstname 307.lastname 850@gmail.com,5312894821,Ethik,Ethik,Ethik,Mathematik,Mathematik,Comments 85,01B03,19-11-2023,19-11-2023,FALSE,TRUE,TRUE,TRUE,1,1,1
Lehramt an ISS/Gymnasien,Frau,LastName 810,Dr.,FirstName 703,Street 5,380000,City 9,firstname 703.lastname 810@yahoo.com,4252495856,Biologie,Biologie,Biologie,Informatik,Informatik,Comments 86,01B04,19-11-2023,19-11-2023,FALSE,FALSE,FALSE,TRUE,1,2,2
Lehramt an Beruflichen Schulen,diverse,LastName 142,Mr.,FirstName 617,Street 29,382418,City 4,firstname 617.lastname 142@gmail.com,102591753,Chemie,Chemie,Chemie,Naturwissenschaften,Naturwissenschaften,Comments 87,01B05,19-11-2023,19-11-2023,TRUE,TRUE,FALSE,FALSE,1,3,3
Lehramt an Grundschulen,keine Angabe,LastName 228,Mr.,FirstName 483,Street 16,382418,City 4,firstname 483.lastname 228@gmail.com,1569480794,Deutsch,Deutsch,Deutsch,Physik,Physik,Comments 88,01G01,19-11-2023,19-11-2023,FALSE,FALSE,FALSE,TRUE,1,4,4
Lehramt an ISS/Gymnasien,Herr,LastName 231,Mrs.,FirstName 797,Street 39,382418,City 4,firstname 797.lastname 231@gmail.com,3012793591,Englisch,Englisch,Englisch,Sonderpädagogik,Sonderpädagogik,Comments 89,01G02,19-11-2023,19-11-2023,FALSE,TRUE,FALSE,TRUE,1,1,1
Lehramt an Beruflichen Schulen,Frau,LastName 839,Mr.,FirstName 414,Street 18,380000,City 5,firstname 414.lastname 839@gmail.com,5239263599,Ethik,Ethik,Ethik,Wirtschaft-Arbeit-Technik,Wirtschaft-Arbeit-Technik,Comments 90,01G04,19-11-2023,19-11-2023,TRUE,FALSE,TRUE,FALSE,1,2,2
Lehramt an Grundschulen,diverse,LastName 931,Dr.,FirstName 425,Street 5,380000,City 6,firstname 425.lastname 931@outlook.com,7594045679,Biologie,Biologie,Biologie,Deutsch,Deutsch,Comments 91,01A04,19-11-2023,19-11-2023,FALSE,TRUE,TRUE,TRUE,1,3,3
Lehramt an ISS/Gymnasien,keine Angabe,LastName 934,Dr.,FirstName 666,Street 36,382418,City 3,firstname 666.lastname 934@yahoo.com,7874797463,Chemie,Chemie,Chemie,Englisch,Englisch,Comments 92,01B01,19-11-2023,19-11-2023,FALSE,FALSE,FALSE,TRUE,2,4,4
Lehramt an Beruflichen Schulen,Herr,LastName 777,Dr.,FirstName 497,Street 22,382418,City 1,firstname 497.lastname 777@yahoo.com,7887179589,Deutsch,Deutsch,Deutsch,Gesellschaftswissenschaften,Gesellschaftswissenschaften,Comments 93,01B02,19-11-2023,19-11-2023,TRUE,TRUE,FALSE,FALSE,1,1,1
Lehramt an Grundschulen,Frau,LastName 655,Ms.,FirstName 23,Street 19,380000,City 3,firstname 23.lastname 655@outlook.com,3697010049,Englisch,Englisch,Englisch,Mathematik,Mathematik,Comments 94,01B03,19-11-2023,19-11-2023,FALSE,FALSE,FALSE,TRUE,1,2,2
Lehramt an ISS/Gymnasien,diverse,LastName 572,Prof.,FirstName 648,Street 11,382418,City 7,firstname 648.lastname 572@yahoo.com,9258100714,Ethik,Ethik,Ethik,Informatik,Informatik,Comments 95,01B04,19-11-2023,19-11-2023,FALSE,TRUE,FALSE,TRUE,2,3,3
Lehramt an Beruflichen Schulen,keine Angabe,LastName 114,Mr.,FirstName 905,Street 5,380000,City 6,firstname 905.lastname 114@gmail.com,6754403625,Biologie,Biologie,Biologie,Naturwissenschaften,Naturwissenschaften,Comments 96,01B05,19-11-2023,19-11-2023,TRUE,FALSE,TRUE,FALSE,1,4,4
Lehramt an Grundschulen,Herr,LastName 101,Mrs.,FirstName 782,Street 20,382418,City 4,firstname 782.lastname 101@yahoo.com,193623597,Chemie,Chemie,Chemie,Physik,Physik,Comments 97,01G01,19-11-2023,19-11-2023,FALSE,TRUE,TRUE,TRUE,2,1,1
Lehramt an ISS/Gymnasien,Frau,LastName 178,Mr.,FirstName 263,Street 36,382418,City 6,firstname 263.lastname 178@outlook.com,8695641328,Deutsch,Deutsch,Deutsch,Sonderpädagogik,Sonderpädagogik,Comments 98,01G02,19-11-2023,19-11-2023,FALSE,FALSE,FALSE,TRUE,1,2,2
Lehramt an Beruflichen Schulen,diverse,LastName 232,Prof.,FirstName 872,Street 30,380000,City 5,firstname 872.lastname 232@outlook.com,8162744891,Englisch,Englisch,Englisch,Wirtschaft-Arbeit-Technik,Wirtschaft-Arbeit-Technik,Comments 99,01G04,19-11-2023,19-11-2023,TRUE,TRUE,FALSE,FALSE,2,3,3
Lehramt an Grundschulen,keine Angabe,LastName 329,Dr.,FirstName 431,Street 29,380000,City 10,firstname 431.lastname 329@gmail.com,980518320,Ethik,Ethik,Ethik,Deutsch,Deutsch,Comments 100,01A04,19-11-2023,19-11-2023,FALSE,FALSE,FALSE,TRUE,1,4,4
Lehramt an ISS/Gymnasien,Herr,LastName 915,Mrs.,FirstName 351,Street 18,382418,City 4,firstname 351.lastname 915@gmail.com,2980198077,Biologie,Biologie,Biologie,Englisch,Englisch,Comments 101,01B01,19-11-2023,19-11-2023,FALSE,TRUE,FALSE,TRUE,2,1,1
Lehramt an Beruflichen Schulen,Frau,LastName 942,Mrs.,FirstName 503,Street 8,380000,City 3,firstname 503.lastname 942@yahoo.com,2364819494,Chemie,Chemie,Chemie,Gesellschaftswissenschaften,Gesellschaftswissenschaften,Comments 102,01B02,19-11-2023,19-11-2023,TRUE,FALSE,TRUE,FALSE,1,2,2
Lehramt an Grundschulen,diverse,LastName 310,Mrs.,FirstName 272,Street 6,380000,City 10,firstname 272.lastname 310@gmail.com,2789788499,Deutsch,Deutsch,Deutsch,Mathematik,Mathematik,Comments 103,01B03,19-11-2023,19-11-2023,FALSE,TRUE,TRUE,TRUE,1,3,3
Lehramt an ISS/Gymnasien,keine Angabe,LastName 286,Mr.,FirstName 282,Street 29,380000,City 6,firstname 282.lastname 286@gmail.com,7220906215,Englisch,Englisch,Englisch,Informatik,Informatik,Comments 104,01B04,19-11-2023,19-11-2023,FALSE,FALSE,FALSE,TRUE,2,4,4
Lehramt an Beruflichen Schulen,Herr,LastName 584,Ms.,FirstName 212,Street 44,380000,City 7,firstname 212.lastname 584@outlook.com,9955710840,Ethik,Ethik,Ethik,Naturwissenschaften,Naturwissenschaften,Comments 105,01B05,19-11-2023,19-11-2023,TRUE,TRUE,FALSE,FALSE,1,1,1
Lehramt an Grundschulen,Frau,LastName 952,Prof.,FirstName 374,Street 43,380000,City 9,firstname 374.lastname 952@gmail.com,9993942875,Biologie,Biologie,Biologie,Physik,Physik,Comments 106,01G01,19-11-2023,19-11-2023,FALSE,FALSE,FALSE,TRUE,1,2,2
Lehramt an ISS/Gymnasien,diverse,LastName 423,Mr.,FirstName 700,Street 5,380000,City 4,firstname 700.lastname 423@gmail.com,7203798130,Chemie,Chemie,Chemie,Sonderpädagogik,Sonderpädagogik,Comments 107,01G02,19-11-2023,19-11-2023,FALSE,TRUE,FALSE,TRUE,1,3,3
Lehramt an Beruflichen Schulen,keine Angabe,LastName 419,Mr.,FirstName 882,Street 22,382418,City 4,firstname 882.lastname 419@yahoo.com,1093380448,Deutsch,Deutsch,Deutsch,Wirtschaft-Arbeit-Technik,Wirtschaft-Arbeit-Technik,Comments 108,01G04,19-11-2023,19-11-2023,TRUE,FALSE,TRUE,FALSE,1,4,4
Lehramt an Grundschulen,Herr,LastName 460,Mr.,FirstName 340,Street 49,382418,City 6,firstname 340.lastname 460@yahoo.com,4490136179,Englisch,Englisch,Englisch,Deutsch,Deutsch,Comments 109,01A04,19-11-2023,19-11-2023,FALSE,TRUE,TRUE,TRUE,1,1,1
Lehramt an ISS/Gymnasien,Frau,LastName 405,Mrs.,FirstName 834,Street 45,382418,City 10,firstname 834.lastname 405@outlook.com,9152833071,Ethik,Ethik,Ethik,Englisch,Englisch,Comments 110,01B01,19-11-2023,19-11-2023,FALSE,FALSE,FALSE,TRUE,2,2,2
Lehramt an Beruflichen Schulen,diverse,LastName 141,Prof.,FirstName 514,Street 40,380000,City 8,firstname 514.lastname 141@gmail.com,1985767578,Biologie,Biologie,Biologie,Gesellschaftswissenschaften,Gesellschaftswissenschaften,Comments 111,01B02,19-11-2023,19-11-2023,TRUE,TRUE,FALSE,FALSE,2,3,3
Lehramt an Grundschulen,keine Angabe,LastName 437,Prof.,FirstName 6,Street 32,382418,City 1,firstname 6.lastname 437@yahoo.com,2610695441,Chemie,Chemie,Chemie,Mathematik,Mathematik,Comments 112,01B03,19-11-2023,19-11-2023,FALSE,FALSE,FALSE,TRUE,2,4,4
Lehramt an ISS/Gymnasien,Herr,LastName 63,Mr.,FirstName 314,Street 17,380000,City 3,firstname 314.lastname 63@outlook.com,3533761719,Deutsch,Deutsch,Deutsch,Informatik,Informatik,Comments 113,01B04,19-11-2023,19-11-2023,FALSE,TRUE,FALSE,TRUE,2,1,1
Lehramt an Beruflichen Schulen,Frau,LastName 231,Mrs.,FirstName 373,Street 38,382418,City 5,firstname 373.lastname 231@yahoo.com,5699620007,Englisch,Englisch,Englisch,Naturwissenschaften,Naturwissenschaften,Comments 114,01B05,19-11-2023,19-11-2023,TRUE,FALSE,TRUE,FALSE,2,2,2
Lehramt an Grundschulen,diverse,LastName 6,Dr.,FirstName 210,Street 34,380000,City 4,firstname 210.lastname 6@gmail.com,2339704017,Ethik,Ethik,Ethik,Physik,Physik,Comments 115,01G01,19-11-2023,19-11-2023,FALSE,TRUE,TRUE,TRUE,2,3,3
Lehramt an ISS/Gymnasien,keine Angabe,LastName 579,Prof.,FirstName 458,Street 39,380000,City 6,firstname 458.lastname 579@yahoo.com,9318050011,Biologie,Biologie,Biologie,Sonderpädagogik,Sonderpädagogik,Comments 116,01G02,19-11-2023,19-11-2023,FALSE,FALSE,FALSE,TRUE,1,4,4
Lehramt an Beruflichen Schulen,Herr,LastName 436,Mr.,FirstName 140,Street 34,380000,City 10,firstname 140.lastname 436@yahoo.com,3641752782,Chemie,Chemie,Chemie,Wirtschaft-Arbeit-Technik,Wirtschaft-Arbeit-Technik,Comments 117,01G04,19-11-2023,19-11-2023,TRUE,TRUE,FALSE,FALSE,2,1,1
Lehramt an Grundschulen,Frau,LastName 387,Dr.,FirstName 96,Street 2,382418,City 8,firstname 96.lastname 387@outlook.com,5532394419,Deutsch,Deutsch,Deutsch,Deutsch,Deutsch,Comments 118,01A04,19-11-2023,19-11-2023,FALSE,FALSE,FALSE,TRUE,1,2,2
Lehramt an ISS/Gymnasien,diverse,LastName 583,Ms.,FirstName 400,Street 2,380000,City 9,firstname 400.lastname 583@outlook.com,7078035525,Englisch,Englisch,Englisch,Englisch,Englisch,Comments 119,01B01,19-11-2023,19-11-2023,FALSE,TRUE,FALSE,TRUE,2,3,3
Lehramt an Beruflichen Schulen,keine Angabe,LastName 685,Mrs.,FirstName 340,Street 41,382418,City 10,firstname 340.lastname 685@gmail.com,1199185744,Ethik,Ethik,Ethik,Gesellschaftswissenschaften,Gesellschaftswissenschaften,Comments 120,01B02,19-11-2023,19-11-2023,TRUE,FALSE,TRUE,FALSE,1,4,4
Lehramt an Grundschulen,Herr,LastName 121,Mrs.,FirstName 17,Street 46,382418,City 5,firstname 17.lastname 121@gmail.com,1187517849,Biologie,Biologie,Biologie,Mathematik,Mathematik,Comments 121,01B03,19-11-2023,19-11-2023,FALSE,TRUE,TRUE,TRUE,1,1,1
Lehramt an ISS/Gymnasien,Frau,LastName 712,Ms.,FirstName 768,Street 13,380000,City 10,firstname 768.lastname 712@outlook.com,6390462486,Chemie,Chemie,Chemie,Informatik,Informatik,Comments 122,01B04,19-11-2023,19-11-2023,FALSE,FALSE,FALSE,TRUE,1,2,2
Lehramt an Beruflichen Schulen,diverse,LastName 843,Prof.,FirstName 828,Street 45,380000,City 3,firstname 828.lastname 843@gmail.com,8504897513,Deutsch,Deutsch,Deutsch,Naturwissenschaften,Naturwissenschaften,Comments 123,01B05,19-11-2023,19-11-2023,TRUE,TRUE,FALSE,FALSE,1,3,3
Lehramt an Grundschulen,keine Angabe,LastName 650,Dr.,FirstName 106,Street 8,382418,City 5,firstname 106.lastname 650@outlook.com,7882528473,Englisch,Englisch,Englisch,Physik,Physik,Comments 124,01G01,19-11-2023,19-11-2023,FALSE,FALSE,FALSE,TRUE,1,4,4
Lehramt an ISS/Gymnasien,Herr,LastName 642,Mr.,FirstName 335,Street 47,380000,City 10,firstname 335.lastname 642@yahoo.com,9547991725,Ethik,Ethik,Ethik,Sonderpädagogik,Sonderpädagogik,Comments 125,01G02,19-11-2023,19-11-2023,FALSE,TRUE,FALSE,TRUE,1,1,1
Lehramt an Beruflichen Schulen,Frau,LastName 928,Prof.,FirstName 825,Street 48,382418,City 1,firstname 825.lastname 928@yahoo.com,6727715723,Biologie,Biologie,Biologie,Wirtschaft-Arbeit-Technik,Wirtschaft-Arbeit-Technik,Comments 126,01G04,19-11-2023,19-11-2023,TRUE,FALSE,TRUE,FALSE,2,2,2
Lehramt an Grundschulen,diverse,LastName 609,Mrs.,FirstName 531,Street 34,380000,City 9,firstname 531.lastname 609@gmail.com,7437897346,Chemie,Chemie,Chemie,Deutsch,Deutsch,Comments 127,01A04,19-11-2023,19-11-2023,FALSE,TRUE,TRUE,TRUE,2,3,3
Lehramt an ISS/Gymnasien,keine Angabe,LastName 49,Dr.,FirstName 955,Street 16,382418,City 5,firstname 955.lastname 49@yahoo.com,8383958011,Deutsch,Deutsch,Deutsch,Englisch,Englisch,Comments 128,01B01,19-11-2023,19-11-2023,FALSE,FALSE,FALSE,TRUE,1,4,4
Lehramt an Beruflichen Schulen,Herr,LastName 380,Mrs.,FirstName 544,Street 38,382418,City 6,firstname 544.lastname 380@outlook.com,3145759020,Englisch,Englisch,Englisch,Gesellschaftswissenschaften,Gesellschaftswissenschaften,Comments 129,01B02,19-11-2023,19-11-2023,TRUE,TRUE,FALSE,FALSE,2,1,1
Lehramt an Grundschulen,Frau,LastName 415,Prof.,FirstName 42,Street 29,380000,City 5,firstname 42.lastname 415@gmail.com,8062556891,Ethik,Ethik,Ethik,Mathematik,Mathematik,Comments 130,01B03,19-11-2023,19-11-2023,FALSE,FALSE,FALSE,TRUE,2,2,2
Lehramt an ISS/Gymnasien,diverse,LastName 310,Prof.,FirstName 612,Street 46,382418,City 8,firstname 612.lastname 310@outlook.com,8047195559,Biologie,Biologie,Biologie,Informatik,Informatik,Comments 131,01B04,19-11-2023,19-11-2023,FALSE,TRUE,FALSE,TRUE,2,3,3
Lehramt an Beruflichen Schulen,keine Angabe,LastName 826,Mr.,FirstName 211,Street 5,380000,City 4,firstname 211.lastname 826@outlook.com,6043027849,Chemie,Chemie,Chemie,Naturwissenschaften,Naturwissenschaften,Comments 132,01B05,19-11-2023,19-11-2023,TRUE,FALSE,TRUE,FALSE,2,4,4
Lehramt an Grundschulen,Herr,LastName 221,Ms.,FirstName 92,Street 18,380000,City 8,firstname 92.lastname 221@outlook.com,2568703025,Deutsch,Deutsch,Deutsch,Physik,Physik,Comments 133,01G01,19-11-2023,19-11-2023,FALSE,TRUE,TRUE,TRUE,2,1,1
Lehramt an ISS/Gymnasien,Frau,LastName 54,Mr.,FirstName 388,Street 6,380000,City 6,firstname 388.lastname 54@yahoo.com,8716547038,Englisch,Englisch,Englisch,Sonderpädagogik,Sonderpädagogik,Comments 134,01G02,19-11-2023,19-11-2023,FALSE,FALSE,FALSE,TRUE,1,2,2
Lehramt an Beruflichen Schulen,diverse,LastName 274,Dr.,FirstName 859,Street 48,382418,City 1,firstname 859.lastname 274@gmail.com,2898320626,Ethik,Ethik,Ethik,Wirtschaft-Arbeit-Technik,Wirtschaft-Arbeit-Technik,Comments 135,01G04,19-11-2023,19-11-2023,TRUE,TRUE,FALSE,FALSE,2,3,3
Lehramt an Grundschulen,keine Angabe,LastName 300,Prof.,FirstName 634,Street 34,380000,City 8,firstname 634.lastname 300@outlook.com,6643601058,Biologie,Biologie,Biologie,Deutsch,Deutsch,Comments 136,01A04,19-11-2023,19-11-2023,FALSE,FALSE,FALSE,TRUE,1,4,4
Lehramt an ISS/Gymnasien,Herr,LastName 770,Mrs.,FirstName 286,Street 12,382418,City 10,firstname 286.lastname 770@gmail.com,2683597572,Chemie,Chemie,Chemie,Englisch,Englisch,Comments 137,01B01,19-11-2023,19-11-2023,FALSE,TRUE,FALSE,TRUE,2,1,1
Lehramt an Beruflichen Schulen,Frau,LastName 201,Mr.,FirstName 351,Street 31,382418,City 6,firstname 351.lastname 201@gmail.com,3452178016,Deutsch,Deutsch,Deutsch,Gesellschaftswissenschaften,Gesellschaftswissenschaften,Comments 138,01B02,19-11-2023,19-11-2023,TRUE,FALSE,TRUE,FALSE,1,2,2
Lehramt an Grundschulen,diverse,LastName 752,Mrs.,FirstName 557,Street 43,382418,City 3,firstname 557.lastname 752@yahoo.com,7813873329,Englisch,Englisch,Englisch,Mathematik,Mathematik,Comments 139,01B03,19-11-2023,19-11-2023,FALSE,TRUE,TRUE,TRUE,1,3,3
Lehramt an ISS/Gymnasien,keine Angabe,LastName 525,Ms.,FirstName 48,Street 13,380000,City 8,firstname 48.lastname 525@yahoo.com,4735615359,Ethik,Ethik,Ethik,Informatik,Informatik,Comments 140,01B04,19-11-2023,19-11-2023,FALSE,FALSE,FALSE,TRUE,1,4,4
Lehramt an Beruflichen Schulen,Herr,LastName 190,Mrs.,FirstName 669,Street 50,380000,City 3,firstname 669.lastname 190@gmail.com,4953571711,Biologie,Biologie,Biologie,Naturwissenschaften,Naturwissenschaften,Comments 141,01B05,19-11-2023,19-11-2023,TRUE,TRUE,FALSE,FALSE,2,1,1
Lehramt an Grundschulen,Frau,LastName 169,Prof.,FirstName 478,Street 11,382418,City 8,firstname 478.lastname 169@gmail.com,3593314284,Chemie,Chemie,Chemie,Physik,Physik,Comments 142,01G01,19-11-2023,19-11-2023,FALSE,FALSE,FALSE,TRUE,1,2,2
Lehramt an ISS/Gymnasien,diverse,LastName 968,Mr.,FirstName 325,Street 11,380000,City 10,firstname 325.lastname 968@yahoo.com,4508335204,Deutsch,Deutsch,Deutsch,Sonderpädagogik,Sonderpädagogik,Comments 143,01G02,19-11-2023,19-11-2023,FALSE,TRUE,FALSE,TRUE,1,3,3
Lehramt an Beruflichen Schulen,keine Angabe,LastName 262,Mrs.,FirstName 16,Street 22,382418,City 1,firstname 16.lastname 262@gmail.com,8563425906,Englisch,Englisch,Englisch,Wirtschaft-Arbeit-Technik,Wirtschaft-Arbeit-Technik,Comments 144,01G04,19-11-2023,19-11-2023,TRUE,FALSE,TRUE,FALSE,1,4,4
Lehramt an Grundschulen,Herr,LastName 584,Mrs.,FirstName 751,Street 23,380000,City 1,firstname 751.lastname 584@outlook.com,3848551824,Ethik,Ethik,Ethik,Deutsch,Deutsch,Comments 145,01A04,19-11-2023,19-11-2023,FALSE,TRUE,TRUE,TRUE,1,1,1
Lehramt an ISS/Gymnasien,Frau,LastName 238,Mr.,FirstName 107,Street 27,382418,City 4,firstname 107.lastname 238@yahoo.com,4203718586,Biologie,Biologie,Biologie,Englisch,Englisch,Comments 146,01B01,19-11-2023,19-11-2023,FALSE,FALSE,FALSE,TRUE,2,2,2
Lehramt an Beruflichen Schulen,diverse,LastName 2,Dr.,FirstName 603,Street 38,380000,City 6,firstname 603.lastname 2@outlook.com,4840758417,Chemie,Chemie,Chemie,Gesellschaftswissenschaften,Gesellschaftswissenschaften,Comments 147,01B02,19-11-2023,19-11-2023,TRUE,TRUE,FALSE,FALSE,1,3,3
Lehramt an Grundschulen,keine Angabe,LastName 624,Mrs.,FirstName 864,Street 23,380000,City 6,firstname 864.lastname 624@outlook.com,2661760218,Deutsch,Deutsch,Deutsch,Mathematik,Mathematik,Comments 148,01B03,19-11-2023,19-11-2023,FALSE,FALSE,FALSE,TRUE,2,4,4
Lehramt an ISS/Gymnasien,Herr,LastName 598,Mr.,FirstName 199,Street 7,380000,City 2,firstname 199.lastname 598@yahoo.com,4606703910,Englisch,Englisch,Englisch,Informatik,Informatik,Comments 149,01B04,19-11-2023,19-11-2023,FALSE,TRUE,FALSE,TRUE,1,1,1
Lehramt an Beruflichen Schulen,Frau,LastName 79,Mrs.,FirstName 418,Street 22,380000,City 5,firstname 418.lastname 79@yahoo.com,4276238179,Ethik,Ethik,Ethik,Naturwissenschaften,Naturwissenschaften,Comments 150,01B05,19-11-2023,19-11-2023,TRUE,FALSE,TRUE,FALSE,2,2,2
Lehramt an Grundschulen,diverse,LastName 812,Dr.,FirstName 892,Street 11,382418,City 4,firstname 892.lastname 812@outlook.com,1149429554,Biologie,Biologie,Biologie,Physik,Physik,Comments 151,01G01,19-11-2023,19-11-2023,FALSE,TRUE,TRUE,TRUE,1,3,3
Lehramt an ISS/Gymnasien,keine Angabe,LastName 538,Dr.,FirstName 766,Street 45,380000,City 5,firstname 766.lastname 538@yahoo.com,1370542471,Chemie,Chemie,Chemie,Sonderpädagogik,Sonderpädagogik,Comments 152,01G02,19-11-2023,19-11-2023,FALSE,FALSE,FALSE,TRUE,1,4,4
Lehramt an Beruflichen Schulen,Herr,LastName 950,Ms.,FirstName 174,Street 35,382418,City 10,firstname 174.lastname 950@yahoo.com,2713076456,Deutsch,Deutsch,Deutsch,Wirtschaft-Arbeit-Technik,Wirtschaft-Arbeit-Technik,Comments 153,01G04,19-11-2023,19-11-2023,TRUE,TRUE,FALSE,FALSE,2,1,1
Lehramt an Grundschulen,Frau,LastName 421,Mrs.,FirstName 689,Street 12,380000,City 2,firstname 689.lastname 421@outlook.com,775062487,Englisch,Englisch,Englisch,Deutsch,Deutsch,Comments 154,01A04,19-11-2023,19-11-2023,FALSE,FALSE,FALSE,TRUE,1,2,2
Lehramt an ISS/Gymnasien,diverse,LastName 4,Mrs.,FirstName 371,Street 45,380000,City 7,firstname 371.lastname 4@gmail.com,3532410212,Ethik,Ethik,Ethik,Englisch,Englisch,Comments 155,01B01,19-11-2023,19-11-2023,FALSE,TRUE,FALSE,TRUE,2,3,3
Lehramt an Beruflichen Schulen,keine Angabe,LastName 51,Prof.,FirstName 274,Street 42,382418,City 1,firstname 274.lastname 51@gmail.com,8142145279,Biologie,Biologie,Biologie,Gesellschaftswissenschaften,Gesellschaftswissenschaften,Comments 156,01B02,19-11-2023,19-11-2023,TRUE,FALSE,TRUE,FALSE,1,4,4
Lehramt an Grundschulen,Herr,LastName 622,Prof.,FirstName 368,Street 31,382418,City 8,firstname 368.lastname 622@yahoo.com,6162228114,Chemie,Chemie,Chemie,Mathematik,Mathematik,Comments 157,01B03,19-11-2023,19-11-2023,FALSE,TRUE,TRUE,TRUE,2,1,1
Lehramt an ISS/Gymnasien,Frau,LastName 64,Mrs.,FirstName 241,Street 13,380000,City 10,firstname 241.lastname 64@yahoo.com,8072637392,Deutsch,Deutsch,Deutsch,Informatik,Informatik,Comments 158,01B04,19-11-2023,19-11-2023,FALSE,FALSE,FALSE,TRUE,1,2,2
Lehramt an Beruflichen Schulen,diverse,LastName 702,Mr.,FirstName 458,Street 36,380000,City 8,firstname 458.lastname 702@outlook.com,6251565812,Englisch,Englisch,Englisch,Naturwissenschaften,Naturwissenschaften,Comments 159,01B05,19-11-2023,19-11-2023,TRUE,TRUE,FALSE,FALSE,2,3,3
Lehramt an Grundschulen,keine Angabe,LastName 523,Mr.,FirstName 115,Street 18,382418,City 10,firstname 115.lastname 523@outlook.com,8722775263,Ethik,Ethik,Ethik,Physik,Physik,Comments 160,01G01,19-11-2023,19-11-2023,FALSE,FALSE,FALSE,TRUE,1,4,4
Lehramt an ISS/Gymnasien,Herr,LastName 523,Ms.,FirstName 71,Street 29,380000,City 1,firstname 71.lastname 523@outlook.com,8532264651,Biologie,Biologie,Biologie,Sonderpädagogik,Sonderpädagogik,Comments 161,01G02,19-11-2023,19-11-2023,FALSE,TRUE,FALSE,TRUE,1,1,1
Lehramt an Beruflichen Schulen,Frau,LastName 76,Dr.,FirstName 431,Street 28,380000,City 3,firstname 431.lastname 76@gmail.com,5639449769,Chemie,Chemie,Chemie,Wirtschaft-Arbeit-Technik,Wirtschaft-Arbeit-Technik,Comments 162,01G04,19-11-2023,19-11-2023,TRUE,FALSE,TRUE,FALSE,1,2,2
Lehramt an Grundschulen,diverse,LastName 861,Dr.,FirstName 336,Street 26,382418,City 7,firstname 336.lastname 861@gmail.com,2418810576,Deutsch,Deutsch,Deutsch,Deutsch,Deutsch,Comments 163,01A04,19-11-2023,19-11-2023,FALSE,TRUE,TRUE,TRUE,1,3,3
Lehramt an ISS/Gymnasien,keine Angabe,LastName 787,Mrs.,FirstName 4,Street 44,380000,City 5,firstname 4.lastname 787@yahoo.com,3892501986,Englisch,Englisch,Englisch,Englisch,Englisch,Comments 164,01B01,19-11-2023,19-11-2023,FALSE,FALSE,FALSE,TRUE,2,4,4
Lehramt an Beruflichen Schulen,Herr,LastName 611,Mr.,FirstName 940,Street 20,380000,City 3,firstname 940.lastname 611@outlook.com,7845807508,Ethik,Ethik,Ethik,Gesellschaftswissenschaften,Gesellschaftswissenschaften,Comments 165,01B02,19-11-2023,19-11-2023,TRUE,TRUE,FALSE,FALSE,2,1,1
Lehramt an Grundschulen,Frau,LastName 529,Dr.,FirstName 2,Street 1,382418,City 10,firstname 2.lastname 529@outlook.com,2198226035,Biologie,Biologie,Biologie,Mathematik,Mathematik,Comments 166,01B03,19-11-2023,19-11-2023,FALSE,FALSE,FALSE,TRUE,1,2,2
Lehramt an ISS/Gymnasien,diverse,LastName 588,Dr.,FirstName 104,Street 44,382418,City 8,firstname 104.lastname 588@gmail.com,3359702264,Chemie,Chemie,Chemie,Informatik,Informatik,Comments 167,01B04,19-11-2023,19-11-2023,FALSE,TRUE,FALSE,TRUE,1,3,3
Lehramt an Beruflichen Schulen,keine Angabe,LastName 389,Mr.,FirstName 518,Street 34,380000,City 2,firstname 518.lastname 389@outlook.com,5260527217,Deutsch,Deutsch,Deutsch,Naturwissenschaften,Naturwissenschaften,Comments 168,01B05,19-11-2023,19-11-2023,TRUE,FALSE,TRUE,FALSE,1,4,4
Lehramt an Grundschulen,Herr,LastName 669,Dr.,FirstName 320,Street 4,380000,City 9,firstname 320.lastname 669@gmail.com,4896608404,Englisch,Englisch,Englisch,Physik,Physik,Comments 169,01G01,19-11-2023,19-11-2023,FALSE,TRUE,TRUE,TRUE,2,1,1
Lehramt an ISS/Gymnasien,Frau,LastName 605,Ms.,FirstName 213,Street 13,382418,City 10,firstname 213.lastname 605@yahoo.com,8113504373,Ethik,Ethik,Ethik,Sonderpädagogik,Sonderpädagogik,Comments 170,01G02,19-11-2023,19-11-2023,FALSE,FALSE,FALSE,TRUE,1,2,2
Lehramt an Beruflichen Schulen,diverse,LastName 931,Prof.,FirstName 942,Street 31,380000,City 2,firstname 942.lastname 931@gmail.com,6737216484,Biologie,Biologie,Biologie,Wirtschaft-Arbeit-Technik,Wirtschaft-Arbeit-Technik,Comments 171,01G04,19-11-2023,19-11-2023,TRUE,TRUE,FALSE,FALSE,2,3,3
Lehramt an Grundschulen,keine Angabe,LastName 180,Mrs.,FirstName 635,Street 38,380000,City 9,firstname 635.lastname 180@outlook.com,6566742804,Chemie,Chemie,Chemie,Deutsch,Deutsch,Comments 172,01A04,19-11-2023,19-11-2023,FALSE,FALSE,FALSE,TRUE,1,4,4
Lehramt an ISS/Gymnasien,Herr,LastName 691,Mrs.,FirstName 780,Street 42,380000,City 7,firstname 780.lastname 691@yahoo.com,5480392939,Deutsch,Deutsch,Deutsch,Englisch,Englisch,Comments 173,01B01,19-11-2023,19-11-2023,FALSE,TRUE,FALSE,TRUE,1,1,1
Lehramt an Beruflichen Schulen,Frau,LastName 290,Dr.,FirstName 468,Street 15,382418,City 4,firstname 468.lastname 290@outlook.com,3827551556,Englisch,Englisch,Englisch,Gesellschaftswissenschaften,Gesellschaftswissenschaften,Comments 174,01B02,19-11-2023,19-11-2023,TRUE,FALSE,TRUE,FALSE,1,2,2
Lehramt an Grundschulen,diverse,LastName 34,Dr.,FirstName 640,Street 50,382418,City 9,firstname 640.lastname 34@yahoo.com,8537519612,Ethik,Ethik,Ethik,Mathematik,Mathematik,Comments 175,01B03,19-11-2023,19-11-2023,FALSE,TRUE,TRUE,TRUE,1,3,3
Lehramt an ISS/Gymnasien,keine Angabe,LastName 189,Prof.,FirstName 567,Street 40,380000,City 7,firstname 567.lastname 189@yahoo.com,7110635897,Biologie,Biologie,Biologie,Informatik,Informatik,Comments 176,01B04,19-11-2023,19-11-2023,FALSE,FALSE,FALSE,TRUE,1,4,4
Lehramt an Beruflichen Schulen,Herr,LastName 665,Ms.,FirstName 723,Street 43,380000,City 6,firstname 723.lastname 665@gmail.com,2724903203,Chemie,Chemie,Chemie,Naturwissenschaften,Naturwissenschaften,Comments 177,01B05,19-11-2023,19-11-2023,TRUE,TRUE,FALSE,FALSE,1,1,1
Lehramt an Grundschulen,Frau,LastName 24,Mrs.,FirstName 90,Street 47,382418,City 7,firstname 90.lastname 24@yahoo.com,73935026,Deutsch,Deutsch,Deutsch,Physik,Physik,Comments 178,01G01,19-11-2023,19-11-2023,FALSE,FALSE,FALSE,TRUE,1,2,2
Lehramt an ISS/Gymnasien,diverse,LastName 512,Prof.,FirstName 897,Street 27,380000,City 7,firstname 897.lastname 512@yahoo.com,6609771622,Englisch,Englisch,Englisch,Sonderpädagogik,Sonderpädagogik,Comments 179,01G02,19-11-2023,19-11-2023,FALSE,TRUE,FALSE,TRUE,1,3,3
Lehramt an Beruflichen Schulen,keine Angabe,LastName 930,Mrs.,FirstName 91,Street 33,382418,City 9,firstname 91.lastname 930@gmail.com,3706861382,Ethik,Ethik,Ethik,Wirtschaft-Arbeit-Technik,Wirtschaft-Arbeit-Technik,Comments 180,01G04,19-11-2023,19-11-2023,TRUE,FALSE,TRUE,FALSE,1,4,4
Lehramt an Grundschulen,Herr,LastName 20,Mrs.,FirstName 448,Street 46,382418,City 7,firstname 448.lastname 20@yahoo.com,2317329952,Biologie,Biologie,Biologie,Deutsch,Deutsch,Comments 181,01A04,19-11-2023,19-11-2023,FALSE,TRUE,TRUE,TRUE,1,1,1
Lehramt an ISS/Gymnasien,Frau,LastName 167,Mr.,FirstName 399,Street 2,380000,City 1,firstname 399.lastname 167@yahoo.com,3951540994,Chemie,Chemie,Chemie,Englisch,Englisch,Comments 182,01B01,19-11-2023,19-11-2023,FALSE,FALSE,FALSE,TRUE,2,2,2
Lehramt an Beruflichen Schulen,diverse,LastName 853,Dr.,FirstName 237,Street 46,382418,City 1,firstname 237.lastname 853@yahoo.com,356197716,Deutsch,Deutsch,Deutsch,Gesellschaftswissenschaften,Gesellschaftswissenschaften,Comments 183,01B02,19-11-2023,19-11-2023,TRUE,TRUE,FALSE,FALSE,2,3,3
Lehramt an Grundschulen,keine Angabe,LastName 707,Ms.,FirstName 147,Street 12,382418,City 2,firstname 147.lastname 707@outlook.com,3871564010,Englisch,Englisch,Englisch,Mathematik,Mathematik,Comments 184,01B03,19-11-2023,19-11-2023,FALSE,FALSE,FALSE,TRUE,1,4,4
Lehramt an ISS/Gymnasien,Herr,LastName 368,Dr.,FirstName 205,Street 20,380000,City 7,firstname 205.lastname 368@outlook.com,4926532737,Ethik,Ethik,Ethik,Informatik,Informatik,Comments 185,01B04,19-11-2023,19-11-2023,FALSE,TRUE,FALSE,TRUE,1,1,1
Lehramt an Beruflichen Schulen,Frau,LastName 703,Ms.,FirstName 379,Street 25,380000,City 10,firstname 379.lastname 703@gmail.com,1029540420,Biologie,Biologie,Biologie,Naturwissenschaften,Naturwissenschaften,Comments 186,01B05,19-11-2023,19-11-2023,TRUE,FALSE,TRUE,FALSE,2,2,2
Lehramt an Grundschulen,diverse,LastName 345,Mrs.,FirstName 655,Street 28,382418,City 7,firstname 655.lastname 345@yahoo.com,2552094904,Chemie,Chemie,Chemie,Physik,Physik,Comments 187,01G01,19-11-2023,19-11-2023,FALSE,TRUE,TRUE,TRUE,1,3,3
Lehramt an ISS/Gymnasien,keine Angabe,LastName 353,Prof.,FirstName 686,Street 29,380000,City 1,firstname 686.lastname 353@yahoo.com,3043153248,Deutsch,Deutsch,Deutsch,Sonderpädagogik,Sonderpädagogik,Comments 188,01G02,19-11-2023,19-11-2023,FALSE,FALSE,FALSE,TRUE,2,4,4
Lehramt an Beruflichen Schulen,Herr,LastName 216,Mr.,FirstName 562,Street 7,382418,City 2,firstname 562.lastname 216@gmail.com,8867443447,Englisch,Englisch,Englisch,Wirtschaft-Arbeit-Technik,Wirtschaft-Arbeit-Technik,Comments 189,01G04,19-11-2023,19-11-2023,TRUE,TRUE,FALSE,FALSE,1,1,1
Lehramt an Grundschulen,Frau,LastName 388,Mr.,FirstName 392,Street 40,380000,City 9,firstname 392.lastname 388@yahoo.com,5919821807,Ethik,Ethik,Ethik,Deutsch,Deutsch,Comments 190,01A04,19-11-2023,19-11-2023,FALSE,FALSE,FALSE,TRUE,2,2,2
Lehramt an ISS/Gymnasien,diverse,LastName 636,Mrs.,FirstName 264,Street 14,380000,City 2,firstname 264.lastname 636@outlook.com,3293071893,Biologie,Biologie,Biologie,Englisch,Englisch,Comments 191,01B01,19-11-2023,19-11-2023,FALSE,TRUE,FALSE,TRUE,2,3,3
Lehramt an Beruflichen Schulen,keine Angabe,LastName 421,Dr.,FirstName 458,Street 45,382418,City 9,firstname 458.lastname 421@gmail.com,2867786611,Chemie,Chemie,Chemie,Gesellschaftswissenschaften,Gesellschaftswissenschaften,Comments 192,01B02,19-11-2023,19-11-2023,TRUE,FALSE,TRUE,FALSE,2,4,4
Lehramt an Grundschulen,Herr,LastName 394,Mr.,FirstName 273,Street 40,380000,City 1,firstname 273.lastname 394@gmail.com,4052318567,Deutsch,Deutsch,Deutsch,Mathematik,Mathematik,Comments 193,01B03,19-11-2023,19-11-2023,FALSE,TRUE,TRUE,TRUE,1,1,1
Lehramt an ISS/Gymnasien,Frau,LastName 908,Mrs.,FirstName 734,Street 6,382418,City 3,firstname 734.lastname 908@outlook.com,2579694041,Englisch,Englisch,Englisch,Informatik,Informatik,Comments 194,01B04,19-11-2023,19-11-2023,FALSE,FALSE,FALSE,TRUE,2,2,2
Lehramt an Beruflichen Schulen,diverse,LastName 179,Dr.,FirstName 695,Street 14,382418,City 8,firstname 695.lastname 179@gmail.com,5216089930,Ethik,Ethik,Ethik,Naturwissenschaften,Naturwissenschaften,Comments 195,01B05,19-11-2023,19-11-2023,TRUE,TRUE,FALSE,FALSE,1,3,3
Lehramt an Grundschulen,keine Angabe,LastName 452,Prof.,FirstName 557,Street 21,382418,City 6,firstname 557.lastname 452@outlook.com,6649132355,Biologie,Biologie,Biologie,Physik,Physik,Comments 196,01G01,19-11-2023,19-11-2023,FALSE,FALSE,FALSE,TRUE,2,4,4
Lehramt an ISS/Gymnasien,Herr,LastName 357,Prof.,FirstName 342,Street 49,380000,City 9,firstname 342.lastname 357@gmail.com,9398703916,Chemie,Chemie,Chemie,Sonderpädagogik,Sonderpädagogik,Comments 197,01G02,19-11-2023,19-11-2023,FALSE,TRUE,FALSE,TRUE,2,1,1
Lehramt an Beruflichen Schulen,Frau,LastName 115,Mrs.,FirstName 142,Street 7,382418,City 3,firstname 142.lastname 115@outlook.com,3349847563,Deutsch,Deutsch,Deutsch,Wirtschaft-Arbeit-Technik,Wirtschaft-Arbeit-Technik,Comments 198,01G04,19-11-2023,19-11-2023,TRUE,FALSE,TRUE,FALSE,1,2,2
Lehramt an Grundschulen,diverse,LastName 595,Mr.,FirstName 295,Street 7,382418,City 7,firstname 295.lastname 595@gmail.com,8621196334,Englisch,Englisch,Englisch,Deutsch,Deutsch,Comments 199,01A04,19-11-2023,19-11-2023,FALSE,TRUE,TRUE,TRUE,2,3,3
Lehramt an ISS/Gymnasien,keine Angabe,LastName 550,Dr.,FirstName 697,Street 12,382418,City 10,firstname 697.lastname 550@gmail.com,5796949130,Ethik,Ethik,Ethik,Englisch,Englisch,Comments 200,01B01,19-11-2023,19-11-2023,FALSE,FALSE,FALSE,TRUE,2,4,4
