{
  "host": "0.0.0.0",
  "port": 5002,
  "isSSL": false,
  "fileTypeAllow": [
    ".jpg",
    ".jpeg",
    ".png",
    ".gif",
    ".mp4",
    ".webm",
    ".ogg",
    ".ogg",
    ".mpeg",
    ".wav"
  ],
  "maxFileSize": {
    "oneMB": 1048576,
    "quantity": 50
  },
  "fromMail": "developer@amplework.com",
  "jwt": {
    "exp": "15d",
    "resetExp": "1d"
  },
  "archiveDays": 60,
  "email": {
    "type": "smtp",
    "host": "smtp.gmail.com",
    "secure": false,
    "port": 587,
    "tls": {
      "rejectUnauthorized": false
    }
  }
}
